{"inputUnits":[34],"outputUnits":6,"inputs":{"0":{"dtype":"number","min":227.45838485033656,"max":440.0026776497824},"1":{"dtype":"number","min":55.023665697718684,"max":179.73837895235351},"2":{"dtype":"number","min":232.2528189199942,"max":447.88857324313926},"3":{"dtype":"number","min":46.205053496779044,"max":171.10408730906585},"4":{"dtype":"number","min":217.49388800726996,"max":431.03289033469633},"5":{"dtype":"number","min":47.87793551736871,"max":175.17475983320386},"6":{"dtype":"number","min":245.5455864800347,"max":460.8190504523978},"7":{"dtype":"number","min":49.85117891843322,"max":183.94241422240498},"8":{"dtype":"number","min":205.26400025127924,"max":421.7531313533671},"9":{"dtype":"number","min":53.58022529944108,"max":187.73076405069747},"10":{"dtype":"number","min":260.15472858272796,"max":475.57420429430505},"11":{"dtype":"number","min":95.86566858124314,"max":205.92449760808813},"12":{"dtype":"number","min":188.90861645079494,"max":420.2231124967162},"13":{"dtype":"number","min":83.26786033823709,"max":205.33954226250302},"14":{"dtype":"number","min":278.01203142132675,"max":488.02406891047605},"15":{"dtype":"number","min":116.4190539979098,"max":248.54230319314996},"16":{"dtype":"number","min":147.22028765762062,"max":428.74194526300556},"17":{"dtype":"number","min":68.68083039222404,"max":246.36847661484984},"18":{"dtype":"number","min":264.0353450068721,"max":485.2275439405534},"19":{"dtype":"number","min":64.92102669461195,"max":287.222337034943},"20":{"dtype":"number","min":106.16988213671112,"max":433.99634883650094},"21":{"dtype":"number","min":30.10778891877588,"max":286.92212616026285},"22":{"dtype":"number","min":267.8806850738228,"max":457.14539793732104},"23":{"dtype":"number","min":206.74634193584,"max":302.94567561753774},"24":{"dtype":"number","min":203.44104134780852,"max":414.71610204982943},"25":{"dtype":"number","min":205.07524218940364,"max":299.3733488793029},"26":{"dtype":"number","min":277.86784211097404,"max":469.5760424281189},"27":{"dtype":"number","min":288.4326891685322,"max":406.0347398308053},"28":{"dtype":"number","min":192.20354582134044,"max":411.96281447977583},"29":{"dtype":"number","min":227.86359225564996,"max":399.5916843228405},"30":{"dtype":"number","min":252.81195865504688,"max":454.7056389226783},"31":{"dtype":"number","min":333.4978998195358,"max":495.7909028943751},"32":{"dtype":"number","min":165.22262602986416,"max":407.450691803157},"33":{"dtype":"number","min":301.22173049064173,"max":481.3261981688977}},"outputs":{"0":{"dtype":"string","min":0,"max":1,"uniqueValues":["s","d","g","h","k","l"],"legend":{"s":[1,0,0,0,0,0],"d":[0,1,0,0,0,0],"g":[0,0,1,0,0,0],"h":[0,0,0,1,0,0],"k":[0,0,0,0,1,0],"l":[0,0,0,0,0,1]}}},"isNormalized":true}